<?xml version="1.0" encoding="UTF-8"?>
<keywords>
   <keywords>
      <text FeatureID="true_298">answering machine</text>
      <target FeatureID="true_298" href="SMSVO_HLP_CS_VIDEO_AND_XSP_VOIP.html">Call, video, and internet call mailbox</target>
   </keywords>
   <keywords>
      <text FeatureID="true_298">internet call mailbox</text>
      <target FeatureID="true_298" href="SMSVO_HLP_CS_VIDEO_AND_XSP_VOIP.html">Call, video, and internet call mailbox</target>
   </keywords>
   <keywords>
      <text FeatureID="true_298">call mailbox</text>
      <target FeatureID="true_298" href="SMSVO_HLP_CS_VIDEO_AND_XSP_VOIP.html">Call, video, and internet call mailbox</target>
   </keywords>
   <keywords>
      <text FeatureID="-1">internet calls</text>
      <target FeatureID="-1" href="VOIP_HLP_CSC.html">Net settings</target>
      <target FeatureID="true_298" href="VOIP_HLP_SERVCATALOG.html">Service catalog</target>
      <target FeatureID="-1" href="SERVTAB_HLP_SETTINGS.html">Service tab settings</target>
   </keywords>
</keywords>