<?xml version="1.0" encoding="ISO-8859-1"?>
<branding>
    <brand>
        <application_id>xsp</application_id>
        <brand_id>1027541F</brand_id>
        <brand_language_id>47</brand_language_id>
        <brand_version>001</brand_version>
        
        <element type="file" id="BrandingImages">
             <element_value>
                <file_name>c:\private\102828dd\import\1027541F.mif</file_name>
            </element_value>
        </element>
        
<!-- Mecevo IM stuff -->
        <element id="EMbmConversationsQgnpropimsmileyssunglasses" type="bitmap">
          <element_value>
            <bitmap_file_id>BrandingImages</bitmap_file_id>
            <bitmap_id>16384</bitmap_id>
            <mask_id>16385</mask_id>
            <skin_id_major>0</skin_id_major>
            <skin_id_minor>0</skin_id_minor>
           </element_value>
        </element>
        
       <element id="EMbmConversationsQgnpropimsmileysglasses" type="bitmap">
          <element_value>
            <bitmap_file_id>BrandingImages</bitmap_file_id>
            <bitmap_id>16384</bitmap_id>
            <mask_id>16385</mask_id>
            <skin_id_major>0</skin_id_major>
            <skin_id_minor>0</skin_id_minor>
           </element_value>
        </element>
        
        <element id="EMbmConversationsQgnpropimimsg" type="bitmap">
          <element_value>
            <bitmap_file_id>BrandingImages</bitmap_file_id>
            <bitmap_id>16384</bitmap_id>
            <mask_id>16385</mask_id>
            <skin_id_major>0</skin_id_major>
            <skin_id_minor>0</skin_id_minor>
           </element_value>
        </element>
        
        <element id="EMbmConversationsQgnpropimsmileyssurprise" type="bitmap">
          <element_value>
            <bitmap_file_id>BrandingImages</bitmap_file_id>
            <bitmap_id>16384</bitmap_id>
            <mask_id>16385</mask_id>
            <skin_id_major>0</skin_id_major>
            <skin_id_minor>0</skin_id_minor>
           </element_value>
        </element>
        
        <element id="EMbmConversationsQgnpropimsmileysskeptical" type="bitmap">
          <element_value>
            <bitmap_file_id>BrandingImages</bitmap_file_id>
            <bitmap_id>16384</bitmap_id>
            <mask_id>16385</mask_id>
            <skin_id_major>0</skin_id_major>
            <skin_id_minor>0</skin_id_minor>
           </element_value>
        </element>
        
        <element id="EMbmConversationsQgnpropimbusytitle" type="bitmap">
          <element_value>
            <bitmap_file_id>BrandingImages</bitmap_file_id>
            <bitmap_id>16384</bitmap_id>
            <mask_id>16385</mask_id>
            <skin_id_major>0</skin_id_major>
            <skin_id_minor>0</skin_id_minor>
           </element_value>
        </element>
        
        <element id="EMbmConversationsQgnpropservicefriendrequestsent" type="bitmap">
          <element_value>
            <bitmap_file_id>BrandingImages</bitmap_file_id>
            <bitmap_id>16384</bitmap_id>
            <mask_id>16385</mask_id>
            <skin_id_major>0</skin_id_major>
            <skin_id_minor>0</skin_id_minor>
           </element_value>
        </element>
        
        <element id="EMbmConversationsQgnpropimsmileyslaugh" type="bitmap">
          <element_value>
            <bitmap_file_id>BrandingImages</bitmap_file_id>
            <bitmap_id>16384</bitmap_id>
            <mask_id>16385</mask_id>
            <skin_id_major>0</skin_id_major>
            <skin_id_minor>0</skin_id_minor>
           </element_value>
        </element>

        <element id="EMbmConversationsQgnpropimsmileyshappy" type="bitmap">
          <element_value>
            <bitmap_file_id>BrandingImages</bitmap_file_id>
            <bitmap_id>16384</bitmap_id>
            <mask_id>16385</mask_id>
            <skin_id_major>0</skin_id_major>
            <skin_id_minor>0</skin_id_minor>
           </element_value>
        </element>
        
        <element id="EMbmConversationsQgnpropimontitle" type="bitmap">
          <element_value>
            <bitmap_file_id>BrandingImages</bitmap_file_id>
            <bitmap_id>16384</bitmap_id>
            <mask_id>16385</mask_id>
            <skin_id_major>0</skin_id_major>
            <skin_id_minor>0</skin_id_minor>
          </element_value>
        </element>
        
        <element id="EMbmConversationsQgnpropserviceofffriendrequestsent" type="bitmap">
          <element_value>
            <bitmap_file_id>BrandingImages</bitmap_file_id>
            <bitmap_id>16384</bitmap_id>
            <mask_id>16385</mask_id>
            <skin_id_major>0</skin_id_major>
            <skin_id_minor>0</skin_id_minor>
          </element_value>
        </element>
       
        <element id="EMbmConversationsQgninditbconversation" type="bitmap">
          <element_value>
            <bitmap_file_id>BrandingImages</bitmap_file_id>
            <bitmap_id>16384</bitmap_id>
            <mask_id>16385</mask_id>
            <skin_id_major>0</skin_id_major>
            <skin_id_minor>0</skin_id_minor>
           </element_value>
        </element>

        <element id="EMbmConversationsQgnpropimsmileyswickedsmile" type="bitmap">
          <element_value>
            <bitmap_file_id>BrandingImages</bitmap_file_id>
            <bitmap_id>16384</bitmap_id>
            <mask_id>16385</mask_id>
            <skin_id_major>0</skin_id_major>
            <skin_id_minor>0</skin_id_minor>
           </element_value>
        </element>

        <element id="EMbmConversationsQgnpropimsmileysverysad" type="bitmap">
          <element_value>
            <bitmap_file_id>BrandingImages</bitmap_file_id>
            <bitmap_id>16384</bitmap_id>
            <mask_id>16385</mask_id>
            <skin_id_major>0</skin_id_major>
            <skin_id_minor>0</skin_id_minor>
           </element_value>
        </element>
        
        <element id="EMbmConversationsQgninditbaddrecipient" type="bitmap">
          <element_value>
            <bitmap_file_id>BrandingImages</bitmap_file_id>
            <bitmap_id>16384</bitmap_id>
            <mask_id>16385</mask_id>
            <skin_id_major>0</skin_id_major>
            <skin_id_minor>0</skin_id_minor>
           </element_value>
        </element>

        <element id="EMbmConversationsQgnindiimmsgeditor" type="bitmap">
          <element_value>
            <bitmap_file_id>BrandingImages</bitmap_file_id>
            <bitmap_id>16384</bitmap_id>
            <mask_id>16385</mask_id>
            <skin_id_major>0</skin_id_major>
            <skin_id_minor>0</skin_id_minor>
           </element_value>
        </element>

        <element id="EMbmConversationsQgnpropserviceofffriendrequestreceived" type="bitmap">
          <element_value>
            <bitmap_file_id>BrandingImages</bitmap_file_id>
            <bitmap_id>16384</bitmap_id>
            <mask_id>16385</mask_id>
            <skin_id_major>0</skin_id_major>
            <skin_id_minor>0</skin_id_minor>
           </element_value>
        </element>

        <element id="EMbmConversationsQgnpropimimsgnew" type="bitmap">
          <element_value>
            <bitmap_file_id>BrandingImages</bitmap_file_id>
            <bitmap_id>16384</bitmap_id>
            <mask_id>16385</mask_id>
            <skin_id_major>0</skin_id_major>
            <skin_id_minor>0</skin_id_minor>
           </element_value>
        </element>

        <element id="EMbmConversationsQgnpropimawaytitle" type="bitmap">
          <element_value>
            <bitmap_file_id>BrandingImages</bitmap_file_id>
            <bitmap_id>16384</bitmap_id>
            <mask_id>16385</mask_id>
            <skin_id_major>0</skin_id_major>
            <skin_id_minor>0</skin_id_minor>
           </element_value>
        </element>
        
        <element id="EMbmConversationsQgninditbbusinesscard" type="bitmap">
          <element_value>
            <bitmap_file_id>BrandingImages</bitmap_file_id>
            <bitmap_id>16384</bitmap_id>
            <mask_id>16385</mask_id>
            <skin_id_major>0</skin_id_major>
            <skin_id_minor>0</skin_id_minor>
           </element_value>
        </element>
        
        <element id="EMbmConversationsQgnpropiminvisibletitle" type="bitmap">
          <element_value>
            <bitmap_file_id>BrandingImages</bitmap_file_id>
            <bitmap_id>16384</bitmap_id>
            <mask_id>16385</mask_id>
            <skin_id_major>0</skin_id_major>
            <skin_id_minor>0</skin_id_minor>
           </element_value>
        </element>

        <element id="EMbmConversationsQgnpropimfrom" type="bitmap">
          <element_value>
            <bitmap_file_id>BrandingImages</bitmap_file_id>
            <bitmap_id>16384</bitmap_id>
            <mask_id>16385</mask_id>
            <skin_id_major>0</skin_id_major>
            <skin_id_minor>0</skin_id_minor>
           </element_value>
        </element>

        <element id="EMbmConversationsQgninditbsmiley" type="bitmap">
          <element_value>
            <bitmap_file_id>BrandingImages</bitmap_file_id>
            <bitmap_id>16384</bitmap_id>
            <mask_id>16385</mask_id>
            <skin_id_major>0</skin_id_major>
            <skin_id_minor>0</skin_id_minor>
           </element_value>
        </element>

        <element id="EMbmConversationsQgnpropimsmileysindif" type="bitmap">
          <element_value>
            <bitmap_file_id>BrandingImages</bitmap_file_id>
            <bitmap_id>16384</bitmap_id>
            <mask_id>16385</mask_id>
            <skin_id_major>0</skin_id_major>
            <skin_id_minor>0</skin_id_minor>
           </element_value>
        </element>

        <element id="EMbmConversationsQgnpropimofftitle" type="bitmap">
          <element_value>
            <bitmap_file_id>BrandingImages</bitmap_file_id>
            <bitmap_id>16384</bitmap_id>
            <mask_id>16385</mask_id>
            <skin_id_major>0</skin_id_major>
            <skin_id_minor>0</skin_id_minor>
           </element_value>
        </element>

        <element id="EMbmConversationsQgnpropimsmileysbored" type="bitmap">
          <element_value>
            <bitmap_file_id>BrandingImages</bitmap_file_id>
            <bitmap_id>16384</bitmap_id>
            <mask_id>16385</mask_id>
            <skin_id_major>0</skin_id_major>
            <skin_id_minor>0</skin_id_minor>
           </element_value>
        </element>

        <element id="EMbmConversationsQgnpropimtome" type="bitmap">
          <element_value>
            <bitmap_file_id>BrandingImages</bitmap_file_id>
            <bitmap_id>16384</bitmap_id>
            <mask_id>16385</mask_id>
            <skin_id_major>0</skin_id_major>
            <skin_id_minor>0</skin_id_minor>
           </element_value>
        </element>

        <element id="EMbmConversationsQgnpropimsmileystired" type="bitmap">
          <element_value>
            <bitmap_file_id>BrandingImages</bitmap_file_id>
            <bitmap_id>16384</bitmap_id>
            <mask_id>16385</mask_id>
            <skin_id_major>0</skin_id_major>
            <skin_id_minor>0</skin_id_minor>
           </element_value>
        </element>
        
        <element id="EMbmConversationsQgnpropimsmileyswink" type="bitmap">
          <element_value>
            <bitmap_file_id>BrandingImages</bitmap_file_id>
            <bitmap_id>16384</bitmap_id>
            <mask_id>16385</mask_id>
            <skin_id_major>0</skin_id_major>
            <skin_id_minor>0</skin_id_minor>
           </element_value>
        </element>

        <element id="EMbmConversationsQgnpropimsmileysrobot" type="bitmap">
          <element_value>
            <bitmap_file_id>BrandingImages</bitmap_file_id>
            <bitmap_id>16384</bitmap_id>
            <mask_id>16385</mask_id>
            <skin_id_major>0</skin_id_major>
            <skin_id_minor>0</skin_id_minor>
           </element_value>
        </element>

        <element id="EMbmConversationsQgnpropimfriendvoip" type="bitmap">
          <element_value>
            <bitmap_file_id>BrandingImages</bitmap_file_id>
            <bitmap_id>16384</bitmap_id>
            <mask_id>16385</mask_id>
            <skin_id_major>0</skin_id_major>
            <skin_id_minor>0</skin_id_minor>
           </element_value>
        </element>

        <element id="EMbmConversationsQgnpropimsmileyskiss" type="bitmap">
          <element_value>
            <bitmap_file_id>BrandingImages</bitmap_file_id>
            <bitmap_id>16384</bitmap_id>
            <mask_id>16385</mask_id>
            <skin_id_major>0</skin_id_major>
            <skin_id_minor>0</skin_id_minor>
           </element_value>
        </element>

        <element id="EMbmConversationsQgnpropimsmileysangry" type="bitmap">
          <element_value>
            <bitmap_file_id>BrandingImages</bitmap_file_id>
            <bitmap_id>16384</bitmap_id>
            <mask_id>16385</mask_id>
            <skin_id_major>0</skin_id_major>
            <skin_id_minor>0</skin_id_minor>
           </element_value>
        </element>

        <element id="EMbmConversationsQgnpropimfriendinvisible" type="bitmap">
          <element_value>
            <bitmap_file_id>BrandingImages</bitmap_file_id>
            <bitmap_id>16384</bitmap_id>
            <mask_id>16385</mask_id>
            <skin_id_major>0</skin_id_major>
            <skin_id_minor>0</skin_id_minor>
           </element_value>
        </element>

        <element id="EMbmConversationsQgnpropservicefriendrequestreceived" type="bitmap">
          <element_value>
            <bitmap_file_id>BrandingImages</bitmap_file_id>
            <bitmap_id>16384</bitmap_id>
            <mask_id>16385</mask_id>
            <skin_id_major>0</skin_id_major>
            <skin_id_minor>0</skin_id_minor>
           </element_value>
        </element>

        <element id="EMbmConversationsQgnpropimonmobiletitle" type="bitmap">
          <element_value>
            <bitmap_file_id>BrandingImages</bitmap_file_id>
            <bitmap_id>16384</bitmap_id>
            <mask_id>16385</mask_id>
            <skin_id_major>0</skin_id_major>
            <skin_id_minor>0</skin_id_minor>
           </element_value>
        </element>

        <element id="EMbmConversationsQgninditbvoip" type="bitmap">
          <element_value>
            <bitmap_file_id>BrandingImages</bitmap_file_id>
            <bitmap_id>16384</bitmap_id>
            <mask_id>16385</mask_id>
            <skin_id_major>0</skin_id_major>
            <skin_id_minor>0</skin_id_minor>
           </element_value>
        </element>

        <element id="EMbmConversationsQgninditbmsgsend" type="bitmap">
          <element_value>
            <bitmap_file_id>BrandingImages</bitmap_file_id>
            <bitmap_id>16384</bitmap_id>
            <mask_id>16385</mask_id>
            <skin_id_major>0</skin_id_major>
            <skin_id_minor>0</skin_id_minor>
           </element_value>
        </element>
        
       <element id="EMbmConversationsQgnpropservicedefaultavatar" type="bitmap">
          <element_value>
            <bitmap_file_id>BrandingImages</bitmap_file_id>
            <bitmap_id>16385</bitmap_id>
            <mask_id>16385</mask_id>
            <skin_id_major>0</skin_id_major>
            <skin_id_minor>0</skin_id_minor>
           </element_value>
        </element>
        
        <element id="EMbmConversationsExampletab" type="bitmap">
          <element_value>
            <bitmap_file_id>BrandingImages</bitmap_file_id>
            <bitmap_id>16384</bitmap_id>
            <mask_id>16385</mask_id>
            <skin_id_major>0</skin_id_major>
            <skin_id_minor>0</skin_id_minor>
           </element_value>
        </element>

        <element id="EMbmConversationsQgnpropimsmileyssleepy" type="bitmap">
          <element_value>
            <bitmap_file_id>BrandingImages</bitmap_file_id>
            <bitmap_id>16384</bitmap_id>
            <mask_id>16385</mask_id>
            <skin_id_major>0</skin_id_major>
            <skin_id_minor>0</skin_id_minor>
           </element_value>
        </element>

        <element id="EMbmConversationsQgnpropimsmileyssad" type="bitmap">
          <element_value>
            <bitmap_file_id>BrandingImages</bitmap_file_id>
            <bitmap_id>16384</bitmap_id>
            <mask_id>16385</mask_id>
            <skin_id_major>0</skin_id_major>
            <skin_id_minor>0</skin_id_minor>
           </element_value>
        </element>

        <element id="EMbmConversationsQgnpropimsmileysveryhappy" type="bitmap">
          <element_value>
            <bitmap_file_id>BrandingImages</bitmap_file_id>
            <bitmap_id>16384</bitmap_id>
            <mask_id>16385</mask_id>
            <skin_id_major>0</skin_id_major>
            <skin_id_minor>0</skin_id_minor>
           </element_value>
        </element>

        <element id="EMbmConversationsQgnpropimsmileysshock" type="bitmap">
          <element_value>
            <bitmap_file_id>BrandingImages</bitmap_file_id>
            <bitmap_id>16384</bitmap_id>
            <mask_id>16385</mask_id>
            <skin_id_major>0</skin_id_major>
            <skin_id_minor>0</skin_id_minor>
           </element_value>
        </element>

        <element id="EMbmConversationsQgnstatimuni" type="bitmap">
          <element_value>
            <bitmap_file_id>BrandingImages</bitmap_file_id>
            <bitmap_id>16384</bitmap_id>
            <mask_id>16385</mask_id>
            <skin_id_major>0</skin_id_major>
            <skin_id_minor>0</skin_id_minor>
           </element_value>
        </element>

        <element id="EMbmConversationsQgnpropimsmileyscrying" type="bitmap">
          <element_value>
            <bitmap_file_id>BrandingImages</bitmap_file_id>
            <bitmap_id>16384</bitmap_id>
            <mask_id>16385</mask_id>
            <skin_id_major>0</skin_id_major>
            <skin_id_minor>0</skin_id_minor>
           </element_value>
        </element>

        <element id="EMbmConversationsExamplemsntab" type="bitmap">
          <element_value>
            <bitmap_file_id>BrandingImages</bitmap_file_id>
            <bitmap_id>16384</bitmap_id>
            <mask_id>16385</mask_id>
            <skin_id_major>0</skin_id_major>
            <skin_id_minor>0</skin_id_minor>
           </element_value>
        </element>
<!-- Mecevo IM stuff end -->
                         
<!-- For presence -->
        <element id="person:onmobile:image" type="bitmap">
          <element_value>
            <bitmap_file_id>BrandingImages</bitmap_file_id>
            <bitmap_id>16384</bitmap_id>
            <mask_id>16385</mask_id>
            <skin_id_major>0</skin_id_major>
            <skin_id_minor>0</skin_id_minor>
           </element_value>
        </element>
        
       <element id="person:offline:image" type="bitmap">
          <element_value>
            <bitmap_file_id>BrandingImages</bitmap_file_id>
            <bitmap_id>16384</bitmap_id>
            <mask_id>16385</mask_id>
            <skin_id_major>0</skin_id_major>
            <skin_id_minor>0</skin_id_minor>
           </element_value>
        </element>
        
       <element id="person:available:image" type="bitmap">
          <element_value>
            <bitmap_file_id>BrandingImages</bitmap_file_id>
            <bitmap_id>16384</bitmap_id>
            <mask_id>16385</mask_id>
            <skin_id_major>0</skin_id_major>
            <skin_id_minor>0</skin_id_minor>
           </element_value>
        </element>
        
          <element id="person:block:image" type="bitmap">
          <element_value>
            <bitmap_file_id>BrandingImages</bitmap_file_id>
            <bitmap_id>16384</bitmap_id>
            <mask_id>16385</mask_id>
            <skin_id_major>0</skin_id_major>
            <skin_id_minor>0</skin_id_minor>
           </element_value>
        </element>
        
         <element id="person:away:image" type="bitmap">
          <element_value>
            <bitmap_file_id>BrandingImages</bitmap_file_id>
            <bitmap_id>16384</bitmap_id>
            <mask_id>16385</mask_id>
            <skin_id_major>0</skin_id_major>
            <skin_id_minor>0</skin_id_minor>
           </element_value>
        </element>
        
         <element id="person:dnd:image" type="bitmap">
          <element_value>
            <bitmap_file_id>BrandingImages</bitmap_file_id>
            <bitmap_id>16384</bitmap_id>
            <mask_id>16385</mask_id>
            <skin_id_major>0</skin_id_major>
            <skin_id_minor>0</skin_id_minor>
           </element_value>
        </element>
        
<!-- Presence end -->
        
        <element id="EMbmVimpstuiQgnpropserviceofffriendrequestsent" type="bitmap">
          <element_value>
            <bitmap_file_id>BrandingImages</bitmap_file_id>
            <bitmap_id>16384</bitmap_id>
            <mask_id>16385</mask_id>
            <skin_id_major>0</skin_id_major>
            <skin_id_minor>0</skin_id_minor>
           </element_value>
        </element>
        
        <element id="EMbmVimpstuiQgninditbaddrecipient" type="bitmap">
          <element_value>
            <bitmap_file_id>BrandingImages</bitmap_file_id>
            <bitmap_id>16384</bitmap_id>
            <mask_id>16385</mask_id>
            <skin_id_major>0</skin_id_major>
            <skin_id_minor>0</skin_id_minor>
           </element_value>
        </element>

        <element id="EMbmVimpstuiQgnpropimimsg" type="bitmap">
          <element_value>
            <bitmap_file_id>BrandingImages</bitmap_file_id>
            <bitmap_id>16384</bitmap_id>
            <mask_id>16385</mask_id>
            <skin_id_major>0</skin_id_major>
            <skin_id_minor>0</skin_id_minor>
           </element_value>
        </element>

        <element id="EMbmVimpstuiQgnpropimimsgnew" type="bitmap">
          <element_value>
            <bitmap_file_id>BrandingImages</bitmap_file_id>
            <bitmap_id>16384</bitmap_id>
            <mask_id>16385</mask_id>
            <skin_id_major>0</skin_id_major>
            <skin_id_minor>0</skin_id_minor>
           </element_value>
        </element>

        <element id="EMbmVimpstuiQgnstatimuni" type="bitmap">
          <element_value>
            <bitmap_file_id>BrandingImages</bitmap_file_id>
            <bitmap_id>16384</bitmap_id>
            <mask_id>16385</mask_id>
            <skin_id_major>0</skin_id_major>
            <skin_id_minor>0</skin_id_minor>
           </element_value>
        </element>

        <element id="EMbmVimpstuiExamplemsntab" type="bitmap">
          <element_value>
            <bitmap_file_id>BrandingImages</bitmap_file_id>
            <bitmap_id>16384</bitmap_id>
            <mask_id>16385</mask_id>
            <skin_id_major>0</skin_id_major>
            <skin_id_minor>0</skin_id_minor>
           </element_value>
        </element>

        <element id="EMbmVimpstuiQgnpropservicefriendrequestsent" type="bitmap">
          <element_value>
            <bitmap_file_id>BrandingImages</bitmap_file_id>
            <bitmap_id>16384</bitmap_id>
            <mask_id>16385</mask_id>
            <skin_id_major>0</skin_id_major>
            <skin_id_minor>0</skin_id_minor>
           </element_value>
        </element>

        <element id="EMbmVimpstuiQgninditbconversation" type="bitmap">
          <element_value>
            <bitmap_file_id>BrandingImages</bitmap_file_id>
            <bitmap_id>16384</bitmap_id>
            <mask_id>16385</mask_id>
            <skin_id_major>0</skin_id_major>
            <skin_id_minor>0</skin_id_minor>
           </element_value>
        </element>

        <element id="EMbmVimpstuiQgnpropserviceofffriendrequestreceived" type="bitmap">
          <element_value>
            <bitmap_file_id>BrandingImages</bitmap_file_id>
            <bitmap_id>16384</bitmap_id>
            <mask_id>16385</mask_id>
            <skin_id_major>0</skin_id_major>
            <skin_id_minor>0</skin_id_minor>
           </element_value>
        </element>

        <element id="EMbmVimpstuiQgninditbbusinesscard" type="bitmap">
          <element_value>
            <bitmap_file_id>BrandingImages</bitmap_file_id>
            <bitmap_id>16384</bitmap_id>
            <mask_id>16385</mask_id>
            <skin_id_major>0</skin_id_major>
            <skin_id_minor>0</skin_id_minor>
           </element_value>
        </element>

        <element id="EMbmVimpstuiQgninditbvoip" type="bitmap">
          <element_value>
            <bitmap_file_id>BrandingImages</bitmap_file_id>
            <bitmap_id>16384</bitmap_id>
            <mask_id>16385</mask_id>
            <skin_id_major>0</skin_id_major>
            <skin_id_minor>0</skin_id_minor>
           </element_value>
        </element>

        <element id="EMbmVimpstuiQgnpropimfriendinvisible" type="bitmap">
          <element_value>
            <bitmap_file_id>BrandingImages</bitmap_file_id>
            <bitmap_id>16384</bitmap_id>
            <mask_id>16385</mask_id>
            <skin_id_major>0</skin_id_major>
            <skin_id_minor>0</skin_id_minor>
           </element_value>
        </element>

        <element id="EMbmVimpstuiQgnpropimfriendvoip" type="bitmap">
          <element_value>
            <bitmap_file_id>BrandingImages</bitmap_file_id>
            <bitmap_id>16384</bitmap_id>
            <mask_id>16385</mask_id>
            <skin_id_major>0</skin_id_major>
            <skin_id_minor>0</skin_id_minor>
           </element_value>
        </element>

        <element id="EMbmVimpstuiQgnpropservicedefaultavatar" type="bitmap">
          <element_value>
            <bitmap_file_id>BrandingImages</bitmap_file_id>
            <bitmap_id>16384</bitmap_id>
            <mask_id>16385</mask_id>
            <skin_id_major>0</skin_id_major>
            <skin_id_minor>0</skin_id_minor>
           </element_value>
        </element>

        <element id="EMbmVimpstuiQgnpropservicefriendrequestreceived" type="bitmap">
          <element_value>
            <bitmap_file_id>BrandingImages</bitmap_file_id>
            <bitmap_id>16384</bitmap_id>
            <mask_id>16385</mask_id>
            <skin_id_major>0</skin_id_major>
            <skin_id_minor>0</skin_id_minor>
           </element_value>
        </element>

<!-- Call bubble and other service brands etc CSC -->  
        <element type="bitmap" id="voice_mailbox_icon">
          <element_value>
            <bitmap_file_id>BrandingImages</bitmap_file_id>
            <bitmap_id>16384</bitmap_id>
            <mask_id>16385</mask_id>
            <skin_id_major>0</skin_id_major>
            <skin_id_minor>0</skin_id_minor>
          </element_value>
        </element>

        <element type="bitmap" id="bubble_manager_brand_image">
          <element_value>
            <bitmap_file_id>BrandingImages</bitmap_file_id>
            <bitmap_id>16384</bitmap_id>
            <mask_id>16385</mask_id>
            <skin_id_major>0</skin_id_major>
            <skin_id_minor>0</skin_id_minor>
          </element_value>
        </element>
              
        <element type="bitmap" id="service_active_image_small">
          <element_value>
            <bitmap_file_id>BrandingImages</bitmap_file_id>
            <bitmap_id>16384</bitmap_id>
            <mask_id>16385</mask_id>
            <skin_id_major>0</skin_id_major>
            <skin_id_minor>0</skin_id_minor>
          </element_value>
        </element>
          
        <element type="bitmap" id="default_brand_image">
          <element_value>
            <bitmap_file_id>BrandingImages</bitmap_file_id>
            <bitmap_id>16384</bitmap_id>
            <mask_id>16385</mask_id>
            <skin_id_major>0</skin_id_major>
            <skin_id_minor>0</skin_id_minor>
          </element_value>
        </element>
        
    
        <element type="bitmap" id="service_active_image_large">
          <element_value>
            <bitmap_file_id>BrandingImages</bitmap_file_id>
            <bitmap_id>16384</bitmap_id>
            <mask_id>16385</mask_id>
            <skin_id_major>0</skin_id_major>
            <skin_id_minor>0</skin_id_minor>
          </element_value>
        </element>

        <element type="bitmap" id="service_passive_image_small">
          <element_value>
            <bitmap_file_id>BrandingImages</bitmap_file_id>
            <bitmap_id>16384</bitmap_id>
            <mask_id>16385</mask_id>
            <skin_id_major>0</skin_id_major>
            <skin_id_minor>0</skin_id_minor>
          </element_value>
        </element>

        <element type="bitmap" id="service_passive_image_large">
          <element_value>
            <bitmap_file_id>BrandingImages</bitmap_file_id>
            <bitmap_id>16384</bitmap_id>
            <mask_id>16385</mask_id>
            <skin_id_major>0</skin_id_major>
            <skin_id_minor>0</skin_id_minor>
          </element_value>
        </element>
<!-- Other brand end -->

        <element id="toumessage" type="text">
          <element_value>"Copyright 2009 Nokia Corporation. All rights reserved."
</element_value>
        </element>

    </brand>
</branding>
